INSERT INTO `user` (`id`, `username`, `password`, `role`, `status`)
VALUES (2, 'zhangsan', '$2a$10$abcdefghijklmnopqrstuv', 'USER', 1),
       (3, 'lisi', '$2a$10$abcdefghijklmnopqrstuv', 'USER', 1),
       (4, 'wangwu', '$2a$10$abcdefghijklmnopqrstuv', 'USER', 1),
       (5, 'xiaoming', '$2a$10$abcdefghijklmnopqrstuv', 'USER', 1),
       (6, 'lihua', '$2a$10$abcdefghijklmnopqrstuv', 'USER', 1),
       (7, 'chenjie', '$2a$10$abcdefghijklmnopqrstuv', 'USER', 1),
       (8, 'yangyang', '$2a$10$abcdefghijklmnopqrstuv', 'USER', 1),
       (9, 'liulei', '$2a$10$abcdefghijklmnopqrstuv', 'USER', 1),
       (10, 'hanmeimei', '$2a$10$abcdefghijklmnopqrstuv', 'USER', 1);


INSERT INTO `project` (`id`, `name`, `description`, `status`, `create_by`, `create_time`, `update_time`, `deleted`)
VALUES (1, '电商平台重构', '对现有电商系统进行微服务化改造', 'ACTIVE', 1, '2025-10-01 09:00:00', '2026-01-15 14:30:00',
        0),
       (2, '移动端App开发', '开发iOS和Android双端应用', 'ACTIVE', 2, '2025-11-05 10:20:00', '2026-02-01 11:00:00', 0),
       (3, '数据看板系统', '为运营团队提供实时数据可视化', 'DONE', 3, '2025-08-12 13:45:00', '2025-12-20 16:10:00', 0),
       (4, '用户中心升级', '统一登录与权限管理', 'ACTIVE', 1, '2026-01-10 08:30:00', '2026-02-03 09:15:00', 0),
       (5, '支付网关对接', '接入第三方支付渠道', 'ACTIVE', 4, '2026-01-20 11:00:00', '2026-02-02 17:20:00', 0),
       (6, '内部OA系统', '公司内部办公自动化平台', 'ARCHIVED', 2, '2024-05-01 09:00:00', '2025-06-30 18:00:00', 0),
       (7, 'AI客服机器人', '基于NLP的智能客服系统', 'ACTIVE', 5, '2025-12-01 14:00:00', '2026-01-28 10:45:00', 0),
       (8, '物流追踪模块', '包裹状态实时更新', 'ACTIVE', 6, '2026-01-05 16:30:00', '2026-02-04 08:00:00', 0),
       (9, '会员积分体系', '设计并实现积分兑换机制', 'DONE', 7, '2025-09-10 10:00:00', '2025-11-30 12:00:00', 0),
       (10, '安全审计平台', '系统漏洞扫描与日志分析', 'ACTIVE', 1, '2026-01-25 09:20:00', '2026-02-03 15:30:00', 0),
       (11, '内容管理系统', '支持多租户的文章发布', 'ACTIVE', 8, '2025-10-20 11:10:00', '2026-01-18 14:20:00', 0),
       (12, 'API网关优化', '提升高并发下的响应性能', 'ACTIVE', 3, '2026-01-15 13:00:00', '2026-02-01 16:45:00', 0),
       (13, '测试自动化平台', '集成CI/CD流水线', 'ACTIVE', 9, '2025-11-15 09:30:00', '2026-01-25 10:10:00', 0),
       (14, 'CRM客户管理', '销售线索跟踪与转化', 'DONE', 4, '2025-07-01 08:00:00', '2025-10-10 17:00:00', 0),
       (15, '智能推荐引擎', '基于用户行为的商品推荐', 'ACTIVE', 5, '2026-01-02 10:00:00', '2026-02-02 11:30:00', 0),
       (16, '文档协作工具', '类似Notion的内部知识库', 'ACTIVE', 10, '2025-12-10 15:00:00', '2026-01-30 09:45:00', 0),
       (17, '库存预警系统', '低库存自动提醒', 'ACTIVE', 6, '2026-01-18 11:20:00', '2026-02-03 14:00:00', 0),
       (18, '员工考勤模块', '打卡与请假审批流程', 'ARCHIVED', 2, '2024-11-01 09:00:00', '2025-03-15 16:00:00', 0),
       (19, '营销活动平台', '支持秒杀、优惠券发放', 'ACTIVE', 7, '2026-01-22 13:15:00', '2026-02-04 10:20:00', 0),
       (20, 'DevOps监控面板', '部署状态与资源使用监控', 'ACTIVE', 1, '2026-01-30 10:00:00', '2026-02-04 12:00:00', 0);


INSERT INTO `project_member` (`project_id`, `user_id`, `role`, `create_time`, `deleted`)
VALUES (1, 1, 'OWNER', '2025-10-01 09:00:00', 0),
       (1, 2, 'MEMBER', '2025-10-01 09:05:00', 0),
       (1, 3, 'MEMBER', '2025-10-01 09:10:00', 0),
       (1, 4, 'MEMBER', '2025-10-02 10:00:00', 0),
       (1, 5, 'MEMBER', '2025-10-03 14:20:00', 0),

       (2, 2, 'OWNER', '2025-11-05 10:20:00', 0),
       (2, 6, 'MEMBER', '2025-11-05 10:25:00', 0),
       (2, 7, 'MEMBER', '2025-11-06 09:00:00', 0),
       (2, 8, 'MEMBER', '2025-11-07 11:30:00', 0),
       (2, 9, 'MEMBER', '2025-11-08 15:00:00', 0),

       (3, 3, 'OWNER', '2025-08-12 13:45:00', 0),
       (3, 1, 'MEMBER', '2025-08-12 14:00:00', 0),
       (3, 10, 'MEMBER', '2025-08-13 09:10:00', 0),

-- ... 其他项目类似，每项目3～6人，总约100条
       (20, 1, 'OWNER', '2026-01-30 10:00:00', 0),
       (20, 2, 'MEMBER', '2026-01-30 10:05:00', 0),
       (20, 3, 'MEMBER', '2026-01-31 09:00:00', 0),
       (20, 4, 'MEMBER', '2026-02-01 11:20:00', 0),
       (20, 5, 'MEMBER', '2026-02-02 14:30:00', 0);



INSERT INTO `task` (`project_id`, `title`, `description`, `status`, `create_by`, `assignee_id`, `create_time`,
                    `update_time`, `deleted`)
VALUES (1, '设计微服务架构图', '使用Spring Cloud划分服务边界', 'DONE', 1, 2, '2025-10-02 10:00:00',
        '2025-10-10 16:00:00', 0),
       (1, '用户服务开发', '实现注册、登录、信息管理接口', 'DOING', 1, 3, '2025-10-05 09:30:00', '2026-01-20 11:00:00',
        0),
       (1, '订单服务联调', '与支付、库存服务对接', 'TODO', 2, 4, '2025-11-01 14:00:00', '2025-11-01 14:00:00', 0),

       (2, '首页UI设计', 'Figma出稿并评审', 'DONE', 2, 6, '2025-11-10 09:00:00', '2025-11-20 10:30:00', 0),
       (2, '登录模块开发', '支持手机号+验证码登录', 'DOING', 2, 7, '2025-11-15 11:00:00', '2026-01-25 15:00:00', 0),
       (2, '性能压测', '模拟1万并发用户', 'TODO', 6, NULL, '2026-01-30 16:00:00', '2026-01-30 16:00:00', 0),

       (3, '数据源接入', '连接MySQL、MongoDB、Kafka', 'DONE', 3, 10, '2025-08-15 10:00:00', '2025-09-01 12:00:00', 0),
       (3, '大屏可视化开发', '使用ECharts实现动态图表', 'DONE', 3, 1, '2025-09-05 14:00:00', '2025-10-10 09:00:00', 0),

       (4, 'OAuth2.0集成', '支持微信、钉钉扫码登录', 'DOING', 1, 5, '2026-01-12 10:30:00', '2026-02-01 14:20:00', 0),
       (4, '权限RBAC模型设计', '角色-菜单-操作三级控制', 'TODO', 1, 2, '2026-01-18 11:00:00', '2026-01-18 11:00:00', 0),

-- 继续添加至60条（略，可按项目均匀分布）
       (20, '部署监控告警规则', '配置CPU、内存阈值', 'DOING', 1, 3, '2026-02-01 10:00:00', '2026-02-03 16:00:00', 0),
       (20, '日志收集方案优化', '从Filebeat切换到Fluentd', 'TODO', 2, 4, '2026-02-02 09:30:00', '2026-02-02 09:30:00',
        0);